{
    "new_pastel_forest": {
        "tt": [
            "cos",
            "sin",
            "cos"
        ],
        "lin": [
            0.8424486727909565,
            0.5965113120235963,
            0.4659955642361818
        ],
        "gauge": [
            0.882211564812874,
            0.9253309416385721,
            0.3036444769691671
        ],
        "freq": [
            5.750995730778884,
            6.626577331779604,
            6.203001591343849
        ],
        "boldness": 0.1
    },
    "fall": {
        "tt": [
            "sin",
            "sin",
            "sin"
        ],
        "lin": [
            0.18459375683008084,
            0.3644435376188807,
            0.3151963613200892
        ],
        "gauge": [
            0.4233901826104187,
            0.7780608048565588,
            0.6501426980934245
        ],
        "freq": [
            7.694825738418649,
            6.792908639099856,
            2.1887401834339792
        ],
        "boldness": 0.1
    },
    "mycelium": {
        "tt": [
            "cos",
            "sin",
            "cos"
        ],
        "lin": [
            0.6965489283947568,
            0.5379827559622246,
            0.590836450237111
        ],
        "gauge": [
            0.7918072802783239,
            0.17971631299104796,
            0.8966163328893566
        ],
        "freq": [
            4.269129623605497,
            9.545287354973631,
            8.794565626097985
        ],
        "boldness": 0.1
    },
    "warm_beach": {
        "tt": [
            "cos",
            "cos",
            "sin"
        ],
        "lin": [
            0.012806280424325744,
            0.3466180632687774,
            0.6212518740059257
        ],
        "gauge": [
            0.8007970933068582,
            0.4249831969103427,
            0.04851597767602456
        ],
        "freq": [
            0.6277798254706779,
            9.960295720197983,
            3.544131421584238
        ],
        "boldness": 0.1
    },
    "painters_brush": {
        "tt": [
            "sin",
            "sin",
            "sin"
        ],
        "lin": [
            0.308444204233711,
            0.1686395008677387,
            0.5045269085103439
        ],
        "gauge": [
            0.7832268449526734,
            0.15321523671430537,
            0.6997354945173151
        ],
        "freq": [
            3.601922407161031,
            4.235517807890995,
            2.633870423116117
        ],
        "boldness": 0.1
    },
    "pink_blaze": {
        "tt": [
            "sin",
            "sin",
            "cos"
        ],
        "lin": [
            0.06348407962139713,
            0.4207833694511711,
            0.6015882017152983
        ],
        "gauge": [
            0.2700065340016534,
            0.5042995435308218,
            0.19213248003391548
        ],
        "freq": [
            4.707628225803258,
            5.639046078387889,
            1.805579633573785
        ],
        "boldness": 0.0779072482266158
    },
    "dark_pastel": {
        "tt": [
            "sin",
            "sin",
            "cos"
        ],
        "lin": [
            0.7018153726790896,
            0.96008686470481,
            0.5864881417088937
        ],
        "gauge": [
            0.5516719671793261,
            0.7721820322562742,
            0.7193955254736332
        ],
        "freq": [
            6.474776313288961,
            1.1558432381353423,
            6.251098583075184
        ],
        "boldness": 0.13352839290158403
    },
    "vintage": {
        "tt": [
            "cos",
            "cos",
            "cos"
        ],
        "lin": [
            0.8035508585339293,
            0.5873955975579723,
            0.7482733479968617
        ],
        "gauge": [
            0.8015566008393893,
            0.5400803448283856,
            0.6335742811492808
        ],
        "freq": [
            7.3632055787553865,
            7.145036435926109,
            4.438139747879446
        ],
        "boldness": 0.2606686299418291
    },
    "hot_water": {
        "tt": [
            "cos",
            "sin",
            "cos"
        ],
        "lin": [
            0.44023339086436697,
            0.6826077476622177,
            0.8151964340431196
        ],
        "gauge": [
            0.964310085921032,
            0.03363390164302549,
            0.05820185742552919
        ],
        "freq": [
            1.6869935359246035,
            6.4898918399576635,
            2.528053789285085
        ],
        "boldness": 0.24499811682720143
    },
    "police": {
        "tt": [
            "sin",
            "cos",
            "cos"
        ],
        "lin": [
            0.9794863485076006,
            0.8193879961586231,
            0.20015141136867098
        ],
        "gauge": [
            0.5504134382860503,
            0.8350677728447133,
            0.6183616272835573
        ],
        "freq": [
            0.7621938947739482,
            1.4957892796174477,
            1.3912969250620155
        ],
        "boldness": 0.3074139743447318
    },
    "pink_grape": {
        "tt": [
            "sin",
            "cos",
            "sin"
        ],
        "lin": [
            0.3202119000366527,
            0.7400821821381202,
            0.8332050160269396
        ],
        "gauge": [
            0.15021149717292037,
            0.7854109324016265,
            0.1579630349476494
        ],
        "freq": [
            0.06283516041174497,
            2.1424367216186813,
            5.921271603253864
        ],
        "boldness": 0.384526363229755
    },
    "fantasy_forest": {
        "tt": [
            "cos",
            "sin",
            "cos"
        ],
        "lin": [
            0.49522418361049325,
            0.635784505879416,
            0.34797711586511326
        ],
        "gauge": [
            0.7530206294253756,
            0.21782154169020151,
            0.545906936800918
        ],
        "freq": [
            4.0281981178039725,
            4.654727646396184,
            0.713978250187276
        ],
        "boldness": 0.30926659994739913
    },
    "burning_water": {
        "tt": [
            "sin",
            "sin",
            "sin"
        ],
        "lin": [
            0.08953571190149634,
            0.3323885738839526,
            0.862954174596466
        ],
        "gauge": [
            0.6754565955895888,
            0.20136545824984842,
            0.022987750413096752
        ],
        "freq": [
            1.9259167144725398,
            1.4620085342383549,
            5.062564558031064
        ],
        "boldness": 0.015093079918601449
    },
    "blue_theater": {
        "tt": [
            "cos",
            "sin",
            "sin"
        ],
        "lin": [
            0.7464340752598755,
            0.6457268765669827,
            0.026847944615820074
        ],
        "gauge": [
            0.4468275348401235,
            0.3015608962219799,
            0.1682188935849046
        ],
        "freq": [
            2.26502767141025,
            0.6733549105511583,
            0.5957448535619292
        ],
        "boldness": 0.35906288957994326
    },
    "goth": {
        "tt": [
            "sin",
            "cos",
            "cos"
        ],
        "lin": [
            0.9206341186119508,
            0.6213095212095684,
            0.26573096699929977
        ],
        "gauge": [
            0.5115897830301739,
            0.04975872892656552,
            0.008563454145327887
        ],
        "freq": [
            0.7357750762442106,
            1.3523458181514203,
            9.91834949122228
        ],
        "boldness": 0.07168752127718263
    },
    "light_viridis": {
        "tt": [
            "cos",
            "sin",
            "sin"
        ],
        "lin": [
            0.51048783,
            0.60206757,
            0.02177498
        ],